"Qubit","T1 (us)","T2 (us)","Readout assignment error ","Prob meas0 prep1 ","Prob meas1 prep0 ","Readout length (ns)","ID error ","RX error ","Z-axis rotation (rz) error ","âˆšx (sx) error ","Pauli-X error ","CZ error ","RZZ error ","Gate time (ns)","Operational"
"0","206.6797724632021","176.33100421725297","0.053466796875","0.03564453125","0.0712890625","2600","0.00023507416128019554","0.00023507416128019554","0","0.00023507416128019554","0.00023507416128019554","0_1:1","0_1:0.00038347180187170427","0_1:68","true"
"1","243.2006086324176","343.9598535552747","0.425048828125","0.84619140625","0.00390625","2600","0.00037251965614764926","0.00037251965614764926","0","0.00037251965614764926","0.00037251965614764926","1_2:1;1_0:1","1_2:0.002110851314421791;1_0:0.00038347180187170427","1_2:68;1_0:68","true"
"2","381.9440519735418","79.8883225577779","0.06005859375","0.01123046875","0.10888671875","2600","0.00015690179934265474","0.00015690179934265474","0","0.00015690179934265474","0.00015690179934265474","2_1:1;2_3:0.00128072896207726","2_1:0.002110851314421791;2_3:0.0024661309785156127","2_1:68;2_3:68","true"
"3","330.55652890901024","63.6474596311046","0.066650390625","0.02685546875","0.1064453125","2600","0.00016362809396863566","0.00016362809396863566","0","0.00016362809396863566","0.00016362809396863566","3_16:0.0016028767869636362;3_2:0.00128072896207726;3_4:0.0015221828518700575","3_16:0.0034253081672367958;3_2:0.0024661309785156127;3_4:0.0028526063487111786","3_16:68;3_2:68;3_4:68","true"
"4","128.43755859414685","58.52765224855762","0.005615234375","0.009765625","0.00146484375","2600","0.0004316281776969968","0.0004316281776969968","0","0.0004316281776969968","0.0004316281776969968","4_3:0.0015221828518700575;4_5:0.002157556608540584","4_3:0.0028526063487111786;4_5:0.005547539810235397","4_3:68;4_5:68","true"
"5","263.73018841615584","64.54117455899222","0.00341796875","0.00634765625","0.00048828125","2600","0.0001684648175647748","0.0001684648175647748","0","0.0001684648175647748","0.0001684648175647748","5_6:0.0014337895856424976;5_4:0.002157556608540584","5_6:0.005244016996180989;5_4:0.005547539810235397","5_6:68;5_4:68","true"
"6","330.9716493223954","85.46360511200615","0.004150390625","0.00439453125","0.00390625","2600","0.0001362750820581871","0.0001362750820581871","0","0.0001362750820581871","0.0001362750820581871","6_5:0.0014337895856424976;6_7:0.0012606497264963656","6_5:0.005244016996180989;6_7:0.004604288440662324","6_5:68;6_7:68","true"
"7","251.57337339684415","58.16600629019451","0.010009765625","0.01123046875","0.0087890625","2600","0.0001697462711527984","0.0001697462711527984","0","0.0001697462711527984","0.0001697462711527984","7_17:0.0014546990615144084;7_6:0.0012606497264963656;7_8:0.00593593349914423","7_17:0.0033723533873476763;7_6:0.004604288440662324;7_8:0.0046170761191564325","7_17:68;7_6:68;7_8:68","true"
"8","131.84339750782527","153.76383548304202","0.003173828125","0.005859375","0.00048828125","2600","0.00026813350435235273","0.00026813350435235273","0","0.00026813350435235273","0.00026813350435235273","8_9:0.0038948179389000914;8_7:0.00593593349914423","8_9:0.0031135902629078893;8_7:0.0046170761191564325","8_9:68;8_7:68","true"
"9","320.32729625017413","390.44218310776654","0.00732421875","0.01416015625","0.00048828125","2600","0.00008622313462589746","0.00008622313462589746","0","0.00008622313462589746","0.00008622313462589746","9_8:0.0038948179389000914;9_10:0.0025094155033154875","9_8:0.0031135902629078893;9_10:0.0018442979765324052","9_8:68;9_10:68","true"
"10","238.77679683558287","234.40124145363254","0.009033203125","0.0087890625","0.00927734375","2600","0.00045252372013822697","0.00045252372013822697","0","0.00045252372013822697","0.00045252372013822697","10_9:0.0025094155033154875;10_11:0.004816950849799523","10_9:0.0018442979765324052;10_11:0.0021666026679180994","10_9:68;10_11:68","true"
"11","317.5271217283367","39.21683624351857","0.001953125","0.00341796875","0.00048828125","2600","0.0005031023354872183","0.0005031023354872183","0","0.0005031023354872183","0.0005031023354872183","11_18:0.0015433624761931608;11_10:0.004816950849799523;11_12:0.0045408359077780125","11_18:0.0018755735818449248;11_10:0.0021666026679180994;11_12:0.0018211097975920076","11_18:68;11_10:68;11_12:68","true"
"12","279.38607973676835","209.47716712475443","0.006103515625","0.00927734375","0.0029296875","2600","0.0001525727233793274","0.0001525727233793274","0","0.0001525727233793274","0.0001525727233793274","12_13:0.003918618222908704;12_11:0.0045408359077780125","12_13:0.00867776926004804;12_11:0.0018211097975920076","12_13:68;12_11:68","true"
"13","253.5717012311036","146.40710277136228","0.001708984375","0.00244140625","0.0009765625","2600","0.00046793853491590063","0.00046793853491590063","0","0.00046793853491590063","0.00046793853491590063","13_12:0.003918618222908704;13_14:0.0015890555497771464","13_12:0.00867776926004804;13_14:0.0015669393246704466","13_12:68;13_14:68","true"
"14","272.15676875699404","224.60255308348232","0.0048828125","0.0078125","0.001953125","2600","0.00026978425990184393","0.00026978425990184393","0","0.00026978425990184393","0.00026978425990184393","14_15:0.0022779375682783765;14_13:0.0015890555497771464","14_15:0.002717655414605419;14_13:0.0015669393246704466","14_15:68;14_13:68","true"
"15","399.48768184646616","308.6172672668691","0.00439453125","0.0087890625","0","2600","0.00015438246045219937","0.00015438246045219937","0","0.00015438246045219937","0.00015438246045219937","15_14:0.0022779375682783765;15_19:0.003740132453778716","15_14:0.002717655414605419;15_19:0.005017284329329796","15_14:68;15_19:68","true"
"16","208.30924094663263","120.40550962403358","0.00830078125","0.01025390625","0.00634765625","2600","0.0003272546482381394","0.0003272546482381394","0","0.0003272546482381394","0.0003272546482381394","16_23:0.0012731708325436908;16_3:0.0016028767869636362","16_23:0.0021491497136456317;16_3:0.0034253081672367958","16_23:68;16_3:68","true"
"17","344.17853389083797","82.07956709984575","0.00390625","0.0068359375","0.0009765625","2600","0.00013618925401592697","0.00013618925401592697","0","0.00013618925401592697","0.00013618925401592697","17_7:0.0014546990615144084;17_27:0.0014260914699716631","17_7:0.0033723533873476763;17_27:0.003061218317591541","17_7:68;17_27:68","true"
"18","164.9778443472426","245.9607431118164","0.00390625","0.0078125","0","2600","0.00015667671939686664","0.00015667671939686664","0","0.00015667671939686664","0.00015667671939686664","18_11:0.0015433624761931608;18_31:0.001015676525508269","18_11:0.0018755735818449248;18_31:0.001707435398251217","18_11:68;18_31:68","true"
"19","253.99609453786505","197.12918862919182","0.00390625","0.00634765625","0.00146484375","2600","0.00020037337203182004","0.00020037337203182004","0","0.00020037337203182004","0.00020037337203182004","19_35:0.06217241603620971;19_15:0.003740132453778716","19_35:1;19_15:0.005017284329329796","19_35:96;19_15:68","true"
"20","222.11834780213198","174.63737437928927","0.015625","0.03076171875","0.00048828125","2600","0.00011518119595785076","0.00011518119595785076","0","0.00011518119595785076","0.00011518119595785076","20_21:0.002513887500296297","20_21:0.001705927265385071","20_21:68","true"
"21","253.48932882862672","229.15593917623218","0.004150390625","0.0048828125","0.00341796875","2600","0.00010383184767343722","0.00010383184767343722","0","0.00010383184767343722","0.00010383184767343722","21_36:0.0014015104813963064;21_20:0.002513887500296297;21_22:0.0012343231764349039","21_36:0.0020845938991441437;21_20:0.001705927265385071;21_22:0.006601635475238288","21_36:68;21_20:68;21_22:68","true"
"22","95.62896802947022","110.55644862779914","0.003662109375","0.00634765625","0.0009765625","2600","0.00030204468908188103","0.00030204468908188103","0","0.00030204468908188103","0.00030204468908188103","22_23:0.0014449719113093507;22_21:0.0012343231764349039","22_23:0.003509994981933051;22_21:0.006601635475238288","22_23:68;22_21:68","true"
"23","327.7747906130602","227.61519630149184","0.057861328125","0.041015625","0.07470703125","2600","0.0001788565822802844","0.0001788565822802844","0","0.0001788565822802844","0.0001788565822802844","23_22:0.0014449719113093507;23_24:0.0014872207343852029;23_16:0.0012731708325436908","23_22:0.003509994981933051;23_24:0.00279666837391071;23_16:0.0021491497136456317","23_22:68;23_24:68;23_16:68","true"
"24","243.16226817952668","68.71262169977885","0.0068359375","0.00732421875","0.00634765625","2600","0.0001735571665146511","0.0001735571665146511","0","0.0001735571665146511","0.0001735571665146511","24_23:0.0014872207343852029;24_25:0.0015285824296811523","24_23:0.00279666837391071;24_25:1","24_23:68;24_25:68","true"
"25","241.1639399765023","67.55338548563795","0.00830078125","0.01220703125","0.00439453125","2600","0.0001641488390613292","0.0001641488390613292","0","0.0001641488390613292","0.0001641488390613292","25_24:0.0015285824296811523;25_26:0.0042637803698075405;25_37:0.0018270339970093696","25_24:1;25_26:1;25_37:0.004626288167724063","25_24:68;25_26:80;25_37:68","true"
"26","170.16608740053846","76.52183122762781","0.00732421875","0.01123046875","0.00341796875","2600","0.00041752434356448205","0.00041752434356448205","0","0.00041752434356448205","0.00041752434356448205","26_25:0.0042637803698075405;26_27:0.0018200171826580624","26_25:1;26_27:0.0027829596920092015","26_25:80;26_27:68","true"
"27","439.9505005174563","81.43774999166399","0.007080078125","0.0107421875","0.00341796875","2600","0.0002065519241447321","0.0002065519241447321","0","0.0002065519241447321","0.0002065519241447321","27_26:0.0018200171826580624;27_28:0.00238975231140362;27_17:0.0014260914699716631","27_26:0.0027829596920092015;27_28:0.0032724775996925415;27_17:0.003061218317591541","27_26:68;27_28:68;27_17:68","true"
"28","169.7899034710448","68.16026772867478","0.00927734375","0.01513671875","0.00341796875","2600","0.0002391059296648519","0.0002391059296648519","0","0.0002391059296648519","0.0002391059296648519","28_27:0.00238975231140362;28_29:0.0019701490671808486","28_27:0.0032724775996925415;28_29:0.002621393562766361","28_27:68;28_29:68","true"
"29","247.25818355723294","19.118761780054502","0.003662109375","0.0068359375","0.00048828125","2600","0.00016743214659251926","0.00016743214659251926","0","0.00016743214659251926","0.00016743214659251926","29_38:0.0012662908207654866;29_28:0.0019701490671808486;29_30:0.0030725796817581696","29_38:0.003648860358622691;29_28:0.002621393562766361;29_30:0.0039290215877196555","29_38:68;29_28:68;29_30:68","true"
"30","116.98850608845737","146.82604072980953","0.005126953125","0.009765625","0.00048828125","2600","0.00019540595091253519","0.00019540595091253519","0","0.00019540595091253519","0.00019540595091253519","30_31:0.07209343968312773;30_29:0.0030725796817581696","30_31:1;30_29:0.0039290215877196555","30_31:68;30_29:68","true"
"31","290.99087413177153","212.81451606061793","0.003662109375","0.00634765625","0.0009765625","2600","0.0002606923952250364","0.0002606923952250364","0","0.0002606923952250364","0.0002606923952250364","31_30:0.07209343968312773;31_32:0.0040264618167677735;31_18:0.001015676525508269","31_30:1;31_32:0.004224488448122343;31_18:0.001707435398251217","31_30:68;31_32:68;31_18:68","true"
"32","112.49214264957263","156.04905080012023","0.009033203125","0.0166015625","0.00146484375","2600","0.00029104938459831867","0.00029104938459831867","0","0.00029104938459831867","0.00029104938459831867","32_31:0.0040264618167677735;32_33:0.0018256887588804782","32_31:0.004224488448122343;32_33:0.003328987611571521","32_31:68;32_33:68","true"
"33","232.75807408516502","173.2731366934476","0.004638671875","0.0087890625","0.00048828125","2600","0.00022163310354227363","0.00022163310354227363","0","0.00022163310354227363","0.00022163310354227363","33_39:0.0013796022407343567;33_32:0.0018256887588804782;33_34:0.0010780992888589358","33_39:0.003728452654390202;33_32:0.003328987611571521;33_34:0.0024522854102781155","33_39:68;33_32:68;33_34:68","true"
"34","231.56458328517354","164.95041174847358","0.018310546875","0.02099609375","0.015625","2600","0.0001568943332322365","0.0001568943332322365","0","0.0001568943332322365","0.0001568943332322365","34_33:0.0010780992888589358;34_35:0.0013671229595594303","34_33:0.0024522854102781155;34_35:0.0042003310488129275","34_33:68;34_35:68","true"
"35","387.23181696407454","291.22745375983436","0.0078125","0.00927734375","0.00634765625","2600","0.00024198197561543306","0.00024198197561543306","0","0.00024198197561543306","0.00024198197561543306","35_19:0.06217241603620971;35_34:0.0013671229595594303","35_19:1;35_34:0.0042003310488129275","35_19:96;35_34:68","true"
"36","74.40142106802864","92.97647044320365","0.00927734375","0.0087890625","0.009765625","2600","0.00021626876079013747","0.00021626876079013747","0","0.00021626876079013747","0.00021626876079013747","36_41:0.00213970048371509;36_21:0.0014015104813963064","36_41:0.002810696423287462;36_21:0.0020845938991441437","36_41:68;36_21:68","true"
"37","191.079323382383","84.56319265309813","0.02197265625","0.02734375","0.0166015625","2600","0.00019529427124347992","0.00019529427124347992","0","0.00019529427124347992","0.00019529427124347992","37_45:1;37_25:0.0018270339970093696","37_45:1;37_25:0.004626288167724063","37_45:68;37_25:68","true"
"38","118.55925199811067","51.493603102530294","0.010009765625","0.01513671875","0.0048828125","2600","0.00016196633565519826","0.00016196633565519826","0","0.00016196633565519826","0.00016196633565519826","38_29:0.0012662908207654866;38_49:0.0024646490114274555","38_29:0.003648860358622691;38_49:0.002996875588816894","38_29:68;38_49:68","true"
"39","95.15706487862813","121.37460462234922","0.00634765625","0.01123046875","0.00146484375","2600","0.000277375620675972","0.000277375620675972","0","0.000277375620675972","0.000277375620675972","39_53:0.002202818324080036;39_33:0.0013796022407343567","39_53:0.002203817328469082;39_33:0.003728452654390202","39_53:68;39_33:68","true"
"40","226.12311968734534","91.53981405696344","0.059814453125","0.06103515625","0.05859375","2600","0.00011097849067426434","0.00011097849067426434","0","0.00011097849067426434","0.00011097849067426434","40_41:0.002136224661623526","40_41:0.003150028314458625","40_41:68","true"
"41","145.8789838163028","35.2257842541217","0.00390625","0.00732421875","0.00048828125","2600","0.0002685464988345317","0.0002685464988345317","0","0.0002685464988345317","0.0002685464988345317","41_40:0.002136224661623526;41_42:0.0037680943669809175;41_36:0.00213970048371509","41_40:0.003150028314458625;41_42:0.0038180630770466573;41_36:0.002810696423287462","41_40:68;41_42:68;41_36:68","true"
"42","181.89730726637885","68.0095317462308","0.031982421875","0.03564453125","0.0283203125","2600","0.0003723925471412195","0.0003723925471412195","0","0.0003723925471412195","0.0003723925471412195","42_41:0.0037680943669809175;42_43:0.0023397322254237463","42_41:0.0038180630770466573;42_43:0.004848607153386197","42_41:68;42_43:68","true"
"43","273.8911404975736","171.52315137331317","0.005615234375","0.00634765625","0.0048828125","2600","0.00028620862687546406","0.00028620862687546406","0","0.00028620862687546406","0.00028620862687546406","43_42:0.0023397322254237463;43_56:0.0014278060520681313;43_44:0.005139958049087706","43_42:0.004848607153386197;43_56:0.00233851112189587;43_44:0.0023088135801964393","43_42:68;43_56:68;43_44:68","true"
"44","303.35835091815585","435.56015451379915","0.019287109375","0.02197265625","0.0166015625","2600","0.00011853546526756826","0.00011853546526756826","0","0.00011853546526756826","0.00011853546526756826","44_45:0.0023089863329200377;44_43:0.005139958049087706","44_45:0.0020982228539441206;44_43:0.0023088135801964393","44_45:68;44_43:68","true"
"45","314.7044268207637","306.128668246113","0.004638671875","0.0087890625","0.00048828125","2600","0.00039230751058819325","0.00039230751058819325","0","0.00039230751058819325","0.00039230751058819325","45_44:0.0023089863329200377;45_46:0.0015927113879816435;45_37:1","45_44:0.0020982228539441206;45_46:0.0024011093948732576;45_37:1","45_44:68;45_46:68;45_37:68","true"
"46","141.3464712173838","50.842955391351445","0.026611328125","0.0517578125","0.00146484375","2600","0.00019130487988708712","0.00019130487988708712","0","0.00019130487988708712","0.00019130487988708712","46_45:0.0015927113879816435;46_47:0.007602923706516301","46_45:0.0024011093948732576;46_47:0.001949547006629998","46_45:68;46_47:68","true"
"47","217.73626897633036","185.05959124044153","0.00390625","0.0078125","0","2600","0.00033676744547789635","0.00033676744547789635","0","0.00033676744547789635","0.00033676744547789635","47_48:0.002607501925016825;47_57:0.002998680845250651;47_46:0.007602923706516301","47_48:0.0016011815379518846;47_57:0.0026740679123340716;47_46:0.001949547006629998","47_48:68;47_57:68;47_46:68","true"
"48","288.53041358396933","113.9666721395284","0.02392578125","0.0224609375","0.025390625","2600","0.0007640556723769988","0.0007640556723769988","0","0.0007640556723769988","0.0007640556723769988","48_47:0.002607501925016825;48_49:0.0016701909771512091","48_47:0.0016011815379518846;48_49:0.0038731392924743757","48_47:68;48_49:68","true"
"49","225.6265272948795","277.19443883832906","0.007080078125","0.01318359375","0.0009765625","2600","0.00025219275494947375","0.00025219275494947375","0","0.00025219275494947375","0.00025219275494947375","49_48:0.0016701909771512091;49_50:0.0016513729500050034;49_38:0.0024646490114274555","49_48:0.0038731392924743757;49_50:0.004255458260565392;49_38:0.002996875588816894","49_48:68;49_50:68;49_38:68","true"
"50","224.81368089966222","324.9507638339815","0.00244140625","0.00341796875","0.00146484375","2600","0.0005884528903931256","0.0005884528903931256","0","0.0005884528903931256","0.0005884528903931256","50_49:0.0016513729500050034;50_51:1","50_49:0.004255458260565392;50_51:0.0026537804220367056","50_49:68;50_51:68","true"
"51","343.4633867918756","172.5006249468418","0.002685546875","0.00390625","0.00146484375","2600","0.00018447329929374763","0.00018447329929374763","0","0.00018447329929374763","0.00018447329929374763","51_50:1;51_52:0.0016869843023820386;51_58:0.001482459794103691","51_50:0.0026537804220367056;51_52:0.002211569063229446;51_58:0.0030631936137476556","51_50:68;51_52:68;51_58:68","true"
"52","205.8364902660749","231.27454713907127","0.003662109375","0.0068359375","0.00048828125","2600","0.0004587206264996691","0.0004587206264996691","0","0.0004587206264996691","0.0004587206264996691","52_51:0.0016869843023820386;52_53:0.0014571633383938798","52_51:0.002211569063229446;52_53:0.0012142631839224538","52_51:68;52_53:68","true"
"53","179.54790753177443","172.991761959048","0.006103515625","0.01025390625","0.001953125","2600","0.0003028342182215236","0.0003028342182215236","0","0.0003028342182215236","0.0003028342182215236","53_39:0.002202818324080036;53_52:0.0014571633383938798;53_54:0.0015988555900361134","53_39:0.002203817328469082;53_52:0.0012142631839224538;53_54:0.0026335795018308794","53_39:68;53_52:68;53_54:68","true"
"54","253.19875410798076","204.48633446428184","0.02783203125","0.0302734375","0.025390625","2600","0.0004585785736546496","0.0004585785736546496","0","0.0004585785736546496","0.0004585785736546496","54_53:0.0015988555900361134;54_55:0.0018279883392934015","54_53:0.0026335795018308794;54_55:0.0028636209033552906","54_53:68;54_55:68","true"
"55","120.95787327210864","61.54410833117807","0.009033203125","0.01708984375","0.0009765625","2600","0.00019458876345233695","0.00019458876345233695","0","0.00019458876345233695","0.00019458876345233695","55_59:0.0020237696175543496;55_54:0.0018279883392934015","55_59:0.0024828496517252108;55_54:0.0028636209033552906","55_59:68;55_54:68","true"
"56","251.35556274603547","275.46029385536696","0.004150390625","0.00830078125","0","2600","0.00016867498768310322","0.00016867498768310322","0","0.00016867498768310322","0.00016867498768310322","56_63:0.005515780049103053;56_43:0.0014278060520681313","56_63:0.003928129277482456;56_43:0.00233851112189587","56_63:80;56_43:68","true"
"57","198.4475361178853","273.8692083375631","0.003173828125","0.00634765625","0","2600","0.00019851092284205952","0.00019851092284205952","0","0.00019851092284205952","0.00019851092284205952","57_47:0.002998680845250651;57_67:0.005033884284218165","57_47:0.0026740679123340716;57_67:0.0026420418970491133","57_47:68;57_67:100","true"
"58","130.39991825330586","210.97542185516693","0.024658203125","0.0224609375","0.02685546875","2600","0.0002716747715718837","0.0002716747715718837","0","0.0002716747715718837","0.0002716747715718837","58_71:0.005325836108465792;58_51:0.001482459794103691","58_71:0.00474305157684507;58_51:0.0030631936137476556","58_71:68;58_51:68","true"
"59","285.083544249347","62.078169330620675","0.01318359375","0.013671875","0.0126953125","2600","0.00027793677853664466","0.00027793677853664466","0","0.00027793677853664466","0.00027793677853664466","59_55:0.0020237696175543496;59_75:0.0013379934330865761","59_55:0.0024828496517252108;59_75:0.003884893458726002","59_55:68;59_75:68","true"
"60","164.01444000514294","20.39819458568763","0.015380859375","0.02099609375","0.009765625","2600","0.0003102083293941164","0.0003102083293941164","0","0.0003102083293941164","0.0003102083293941164","60_61:0.0016398401102767912","60_61:0.0022883054011063886","60_61:68","true"
"61","226.15272523431668","193.6163739129854","0.003173828125","0.005859375","0.00048828125","2600","0.00017237443522103856","0.00017237443522103856","0","0.00017237443522103856","0.00017237443522103856","61_76:0.00342652028626117;61_60:0.0016398401102767912;61_62:0.0032917426140353923","61_76:0.005483771870954529;61_60:0.0022883054011063886;61_62:0.0015644301918545656","61_76:68;61_60:68;61_62:68","true"
"62","142.4974678164216","184.7636584604275","0.0029296875","0.00537109375","0.00048828125","2600","0.00022528096725776177","0.00022528096725776177","0","0.00022528096725776177","0.00022528096725776177","62_61:0.0032917426140353923;62_63:0.003250693610920924","62_61:0.0015644301918545656;62_63:0.002599221723703693","62_61:68;62_63:68","true"
"63","351.1127681822332","261.4420161648198","0.0029296875","0.00390625","0.001953125","2600","0.00017773634794819893","0.00017773634794819893","0","0.00017773634794819893","0.00017773634794819893","63_56:0.005515780049103053;63_62:0.003250693610920924;63_64:0.0031526641309366776","63_56:0.003928129277482456;63_62:0.002599221723703693;63_64:0.0014902065252343222","63_56:80;63_62:68;63_64:68","true"
"64","160.95594980867045","181.1598105139809","0.001953125","0.00390625","0","2600","0.00024827556970022987","0.00024827556970022987","0","0.00024827556970022987","0.00024827556970022987","64_65:0.002592490625230204;64_63:0.0031526641309366776","64_65:0.003164669731999137;64_63:0.0014902065252343222","64_65:68;64_63:68","true"
"65","174.06509273660484","134.5558522654647","0.037109375","0.03955078125","0.03466796875","2600","0.0001976858254795299","0.0001976858254795299","0","0.0001976858254795299","0.0001976858254795299","65_64:0.002592490625230204;65_66:0.002103562720441099;65_77:0.0016379852848304732","65_64:0.003164669731999137;65_66:0.015297335635213627;65_77:0.00176517530942491","65_64:68;65_66:68;65_77:68","true"
"66","102.23157724313624","143.44021380497415","0.00732421875","0.0126953125","0.001953125","2600","0.00031520899945317146","0.00031520899945317146","0","0.00031520899945317146","0.00031520899945317146","66_65:0.002103562720441099;66_67:0.004069884863737994","66_65:0.015297335635213627;66_67:0.007332851696850995","66_65:68;66_67:68","true"
"67","225.72390013264612","85.85685560956509","0.00830078125","0.0126953125","0.00390625","2600","0.00016009792078440678","0.00016009792078440678","0","0.00016009792078440678","0.00016009792078440678","67_68:0.005484753642252427;67_57:0.005033884284218165;67_66:0.004069884863737994","67_68:0.0026459090900894378;67_57:0.0026420418970491133;67_66:0.007332851696850995","67_68:68;67_57:100;67_66:68","true"
"68","170.98464225919798","145.49902871921068","0.006591796875","0.009765625","0.00341796875","2600","0.00024369732319449072","0.00024369732319449072","0","0.00024369732319449072","0.00024369732319449072","68_67:0.005484753642252427;68_69:0.0017293564763598834","68_67:0.0026459090900894378;68_69:0.002361832529909208","68_67:68;68_69:68","true"
"69","147.3772671813506","217.84161595705473","0.006591796875","0.01171875","0.00146484375","2600","0.0002588643919656112","0.0002588643919656112","0","0.0002588643919656112","0.0002588643919656112","69_78:0.001143138969664087;69_68:0.0017293564763598834;69_70:0.0016387840084761962","69_78:0.0035741404278814004;69_68:0.002361832529909208;69_70:0.0024406047774308826","69_78:68;69_68:68;69_70:68","true"
"70","139.72740232446452","174.57161890767057","0.00439453125","0.0087890625","0","2600","0.0002906197860204385","0.0002906197860204385","0","0.0002906197860204385","0.0002906197860204385","70_69:0.0016387840084761962;70_71:0.10138712019627077","70_69:0.0024406047774308826;70_71:0.24996818164258364","70_69:68;70_71:88","true"
"71","225.52637033251682","115.79446718465596","0.014892578125","0.029296875","0.00048828125","2600","0.0003366849293034077","0.0003366849293034077","0","0.0003366849293034077","0.0003366849293034077","71_72:0.006381755083483209;71_58:0.005325836108465792;71_70:0.10138712019627077","71_72:0.010351308892545541;71_58:0.00474305157684507;71_70:0.24996818164258364","71_72:68;71_58:68;71_70:88","true"
"72","136.2826803728322","89.5999225742418","0.01953125","0.02197265625","0.01708984375","2600","0.00023725809095813679","0.00023725809095813679","0","0.00023725809095813679","0.00023725809095813679","72_73:0.10055398438854408;72_71:0.006381755083483209","72_73:0.24986220430841674;72_71:0.010351308892545541","72_73:80;72_71:68","true"
"73","220.97932262797644","336.96149605952064","0.0498046875","0.05615234375","0.04345703125","2600","0.00018079487042562556","0.00018079487042562556","0","0.00018079487042562556","0.00018079487042562556","73_72:0.10055398438854408;73_74:0.0014992253111125453;73_79:0.0018236586229419538","73_72:0.24986220430841674;73_74:0.0015317984363527881;73_79:0.001720581094227569","73_72:80;73_74:68;73_79:68","true"
"74","365.36508155023876","283.33464066341145","0.01513671875","0.01611328125","0.01416015625","2600","0.00015540861919769401","0.00015540861919769401","0","0.00015540861919769401","0.00015540861919769401","74_73:0.0014992253111125453;74_75:0.007937519871031279","74_73:0.0015317984363527881;74_75:1","74_73:68;74_75:76","true"
"75","264.3636311745955","375.0973242553187","0.010498046875","0.02001953125","0.0009765625","2600","0.00030037442938821114","0.00030037442938821114","0","0.00030037442938821114","0.00030037442938821114","75_59:0.0013379934330865761;75_74:0.007937519871031279","75_59:0.003884893458726002;75_74:1","75_59:68;75_74:76","true"
"76","23.759797048876365","46.088427610243926","0.012451171875","0.02294921875","0.001953125","2600","0.0006529218395508602","0.0006529218395508602","0","0.0006529218395508602","0.0006529218395508602","76_81:0.0032175269748569435;76_61:0.00342652028626117","76_81:0.00715158995158241;76_61:0.005483771870954529","76_81:68;76_61:68","true"
"77","131.0391030471783","131.3327876446132","0.060302734375","0.0546875","0.06591796875","2600","0.00015700054714876067","0.00015700054714876067","0","0.00015700054714876067","0.00015700054714876067","77_85:0.003735127646768477;77_65:0.0016379852848304732","77_85:0.003586228325143992;77_65:0.00176517530942491","77_85:68;77_65:68","true"
"78","161.65676500438047","200.78027456185615","0.00634765625","0.01220703125","0.00048828125","2600","0.000245892817780693","0.000245892817780693","0","0.000245892817780693","0.000245892817780693","78_69:0.001143138969664087;78_89:0.00146297613828697","78_69:0.0035741404278814004;78_89:0.0029982354594400296","78_69:68;78_89:68","true"
"79","187.85989708288562","337.2523732123784","0.00732421875","0.0107421875","0.00390625","2600","0.0002098051140426346","0.0002098051140426346","0","0.0002098051140426346","0.0002098051140426346","79_93:0.006784030426817911;79_73:0.0018236586229419538","79_93:0.003463497418567385;79_73:0.001720581094227569","79_93:68;79_73:68","true"
"80","174.51469901195884","129.20011698256252","0.004150390625","0.0068359375","0.00146484375","2600","0.00018741736871902674","0.00018741736871902674","0","0.00018741736871902674","0.00018741736871902674","80_81:0.002594364753647743","80_81:0.002390307981977924","80_81:68","true"
"81","210.9139984913781","305.7790390474101","0.0048828125","0.00830078125","0.00146484375","2600","0.0003759572864826935","0.0003759572864826935","0","0.0003759572864826935","0.0003759572864826935","81_80:0.002594364753647743;81_82:0.0023146015374735374;81_76:0.0032175269748569435","81_80:0.002390307981977924;81_82:0.004519728125912087;81_76:0.00715158995158241","81_80:68;81_82:68;81_76:68","true"
"82","173.6899400939042","193.3168739574699","0.00537109375","0.01025390625","0.00048828125","2600","0.0002930227582763267","0.0002930227582763267","0","0.0002930227582763267","0.0002930227582763267","82_81:0.0023146015374735374;82_83:0.0021754731553444984","82_81:0.004519728125912087;82_83:1","82_81:68;82_83:68","true"
"83","329.7331976076085","245.4488060013472","0.0068359375","0.00634765625","0.00732421875","2600","0.00011440620472375237","0.00011440620472375237","0","0.00011440620472375237","0.00011440620472375237","83_96:0.004975428304172247;83_82:0.0021754731553444984;83_84:0.0014666441452512169","83_96:1;83_82:1;83_84:0.0053466974963402025","83_96:68;83_82:68;83_84:68","true"
"84","246.0678744094342","343.8387208089741","0.01953125","0.0205078125","0.0185546875","2600","0.00013806415960966123","0.00013806415960966123","0","0.00013806415960966123","0.00013806415960966123","84_83:0.0014666441452512169;84_85:0.005898737949044441","84_83:0.0053466974963402025;84_85:0.0027169140799664926","84_83:68;84_85:68","true"
"85","257.6782562942317","283.35973939821906","0.003173828125","0.00634765625","0","2600","0.0001760845112668624","0.0001760845112668624","0","0.0001760845112668624","0.0001760845112668624","85_77:0.003735127646768477;85_86:0.009941104682061996;85_84:0.005898737949044441","85_77:0.003586228325143992;85_86:0.004966850456171734;85_84:0.0027169140799664926","85_77:68;85_86:68;85_84:68","true"
"86","151.03599015262503","181.01344719352528","0.009033203125","0.0048828125","0.01318359375","2600","0.000245907304005837","0.000245907304005837","0","0.000245907304005837","0.000245907304005837","86_85:0.009941104682061996;86_87:0.024404733960828734","86_85:0.004966850456171734;86_87:1","86_85:68;86_87:168","true"
"87","206.99585594445324","350.285663620226","0.00537109375","0.00732421875","0.00341796875","2600","0.000232330147182948","0.000232330147182948","0","0.000232330147182948","0.000232330147182948","87_86:0.024404733960828734;87_88:0.00900667975305569;87_97:0.006674083246746537","87_86:1;87_88:1;87_97:0.006456239455090829","87_86:168;87_88:108;87_97:84","true"
"88","225.32383554047212","275.2849190636691","0.00634765625","0.0087890625","0.00390625","2600","0.00020866548242631913","0.00020866548242631913","0","0.00020866548242631913","0.00020866548242631913","88_87:0.00900667975305569;88_89:0.001233075083265256","88_87:1;88_89:0.0014699825911915765","88_87:108;88_89:68","true"
"89","257.6065987971384","264.77855147149864","0.002197265625","0.00439453125","0","2600","0.00010259029627163856","0.00010259029627163856","0","0.00010259029627163856","0.00010259029627163856","89_90:0.001664443180959041;89_88:0.001233075083265256;89_78:0.00146297613828697","89_90:0.005056555545201846;89_88:0.0014699825911915765;89_78:0.0029982354594400296","89_90:68;89_88:68;89_78:68","true"
"90","348.2084118203325","131.66748464842925","0.001953125","0.00341796875","0.00048828125","2600","0.000311352103078835","0.000311352103078835","0","0.000311352103078835","0.000311352103078835","90_89:0.001664443180959041;90_91:0.0017511377690899166","90_89:0.005056555545201846;90_91:0.0014836255430379919","90_89:68;90_91:68","true"
"91","155.90435042052852","226.6328616732528","0.004150390625","0.00439453125","0.00390625","2600","0.00015646987893908147","0.00015646987893908147","0","0.00015646987893908147","0.00015646987893908147","91_98:0.0013182090326790408;91_90:0.0017511377690899166;91_92:0.00424199508555223","91_98:0.0024024994825059542;91_90:0.0014836255430379919;91_92:0.0033054526569037956","91_98:68;91_90:68;91_92:68","true"
"92","239.86840861728095","411.0876731864722","0.029541015625","0.02587890625","0.033203125","2600","0.0002524682582083081","0.0002524682582083081","0","0.0002524682582083081","0.0002524682582083081","92_91:0.00424199508555223;92_93:0.0011078619096865638","92_91:0.0033054526569037956;92_93:0.003973122241270749","92_91:68;92_93:68","true"
"93","217.63142627532235","353.7423511262737","0.01123046875","0.01123046875","0.01123046875","2600","0.00018792295413085574","0.00018792295413085574","0","0.00018792295413085574","0.00018792295413085574","93_94:0.0017662060365311316;93_79:0.006784030426817911;93_92:0.0011078619096865638","93_94:0.0012369495972162636;93_79:0.003463497418567385;93_92:0.003973122241270749","93_94:68;93_79:68;93_92:68","true"
"94","196.5402594086313","226.9163737837055","0.01025390625","0.009765625","0.0107421875","2600","0.00020219395308907975","0.00020219395308907975","0","0.00020219395308907975","0.00020219395308907975","94_93:0.0017662060365311316;94_95:0.0016693713417589018","94_93:0.0012369495972162636;94_95:0.0013016195604233505","94_93:68;94_95:68","true"
"95","322.69360500665704","510.81418291305215","0.004150390625","0.0068359375","0.00146484375","2600","0.00014687859322040325","0.00014687859322040325","0","0.00014687859322040325","0.00014687859322040325","95_99:0.0013160961439901142;95_94:0.0016693713417589018","95_99:0.0020975613306367102;95_94:0.0013016195604233505","95_99:68;95_94:68","true"
"96","249.0736257746177","31.15208061497947","0.00634765625","0.00927734375","0.00341796875","2600","0.00013620740946688282","0.00013620740946688282","0","0.00013620740946688282","0.00013620740946688282","96_83:0.004975428304172247;96_103:0.0034126730933725924","96_83:1;96_103:0.0043696835600475215","96_83:68;96_103:68","true"
"97","111.7472068495207","196.71612835325885","0.0048828125","0.0087890625","0.0009765625","2600","0.0002238060815121659","0.0002238060815121659","0","0.0002238060815121659","0.0002238060815121659","97_87:0.006674083246746537;97_107:0.0030161313136159718","97_87:0.006456239455090829;97_107:0.0035392209428561916","97_87:84;97_107:68","true"
"98","297.5782524599616","489.68231868578226","0.0029296875","0.0048828125","0.0009765625","2600","0.00010332397529443739","0.00010332397529443739","0","0.00010332397529443739","0.00010332397529443739","98_91:0.0013182090326790408;98_111:0.0016069364846993672","98_91:0.0024024994825059542;98_111:0.0031970281382845134","98_91:68;98_111:68","true"
"99","360.1632910448537","350.13003494984576","0.00341796875","0.005859375","0.0009765625","2600","0.0002917431596850852","0.0002917431596850852","0","0.0002917431596850852","0.0002917431596850852","99_115:0.0015598802902705156;99_95:0.0013160961439901142","99_115:0.005469109645970943;99_95:0.0020975613306367102","99_115:68;99_95:68","true"
"100","224.00246798457545","154.61820494284387","0.0029296875","0.0048828125","0.0009765625","2600","0.0002411563135741392","0.0002411563135741392","0","0.0002411563135741392","0.0002411563135741392","100_101:0.001472367418555831","100_101:0.0031629961558719555","100_101:68","true"
"101","241.12051996388854","274.56433093295726","0.0029296875","0.00537109375","0.00048828125","2600","0.00016608347059595134","0.00016608347059595134","0","0.00016608347059595134","0.00016608347059595134","101_100:0.001472367418555831;101_116:0.002561056017955532;101_102:0.001919085128380127","101_100:0.0031629961558719555;101_116:0.0030359633451117474;101_102:0.003332470369260432","101_100:68;101_116:68;101_102:68","true"
"102","142.28732726097718","219.99627704785743","0.01025390625","0.01953125","0.0009765625","2600","0.00025584639968543346","0.00025584639968543346","0","0.00025584639968543346","0.00025584639968543346","102_101:0.001919085128380127;102_103:0.0016296536492342029","102_101:0.003332470369260432;102_103:0.007654548170369119","102_101:68;102_103:68","true"
"103","121.98879130413258","202.30434768555145","0.005126953125","0.00830078125","0.001953125","2600","0.00024536300614398865","0.00024536300614398865","0","0.00024536300614398865","0.00024536300614398865","103_104:0.0021503758450589217;103_96:0.0034126730933725924;103_102:0.0016296536492342029","103_104:0.0019453409324585724;103_96:0.0043696835600475215;103_102:0.007654548170369119","103_104:68;103_96:68;103_102:68","true"
"104","178.27100840621767","287.54418640053734","0.007080078125","0.01416015625","0","2600","0.0005095271894242618","0.0005095271894242618","0","0.0005095271894242618","0.0005095271894242618","104_103:0.0021503758450589217;104_105:0.0015919780301341113","104_103:0.0019453409324585724;104_105:0.005384484183076105","104_103:68;104_105:68","true"
"105","174.72581391755762","158.00781893486095","0.012939453125","0.02587890625","0","2600","0.00010810520258046634","0.00010810520258046634","0","0.00010810520258046634","0.00010810520258046634","105_104:0.0015919780301341113;105_106:0.001730928126230713;105_117:0.0025002382036361237","105_104:0.005384484183076105;105_106:0.0032562054448750655;105_117:0.004298056518626581","105_104:68;105_106:68;105_117:68","true"
"106","259.0501635038139","227.7480782046006","0.0107421875","0.015625","0.005859375","2600","0.0003259818700525083","0.0003259818700525083","0","0.0003259818700525083","0.0003259818700525083","106_107:0.002641692603566115;106_105:0.001730928126230713","106_107:0.005492908375074657;106_105:0.0032562054448750655","106_107:68;106_105:68","true"
"107","183.36925766112338","160.15604851972125","0.005126953125","0.01025390625","0","2600","0.0001958477088657317","0.0001958477088657317","0","0.0001958477088657317","0.0001958477088657317","107_106:0.002641692603566115;107_108:0.0046688816423733626;107_97:0.0030161313136159718","107_106:0.005492908375074657;107_108:0.0035617779510937475;107_97:0.0035392209428561916","107_106:68;107_108:68;107_97:68","true"
"108","230.7177185919973","24.366806018410923","0.010498046875","0.0146484375","0.00634765625","2600","0.00031997350405774995","0.00031997350405774995","0","0.00031997350405774995","0.00031997350405774995","108_107:0.0046688816423733626;108_109:0.0013277098331725412","108_107:0.0035617779510937475;108_109:1","108_107:68;108_109:68","true"
"109","450.0953920834575","79.93144234097656","0.007568359375","0.0146484375","0.00048828125","2600","0.00018978145327784392","0.00018978145327784392","0","0.00018978145327784392","0.00018978145327784392","109_108:0.0013277098331725412;109_110:0.005629842303132848;109_118:0.0016551834704156276","109_108:1;109_110:0.005551461733516172;109_118:0.002786577666105433","109_108:68;109_110:68;109_118:68","true"
"110","191.026293788556","236.23227974272342","0.038818359375","0.0771484375","0.00048828125","2600","0.0019673769597422443","0.0019673769597422443","0","0.0019673769597422443","0.0019673769597422443","110_109:0.005629842303132848;110_111:0.005469078582614223","110_109:0.005551461733516172;110_111:0.010239806138496982","110_109:68;110_111:68","true"
"111","181.13699298469635","75.48785386009665","0.005126953125","0.01025390625","0","2600","0.0002084264095653547","0.0002084264095653547","0","0.0002084264095653547","0.0002084264095653547","111_112:0.0014227928156559655;111_110:0.005469078582614223;111_98:0.0016069364846993672","111_112:0.0032042712894601866;111_110:0.010239806138496982;111_98:0.0031970281382845134","111_112:68;111_110:68;111_98:68","true"
"112","160.89733057652256","242.65163487341454","0.008544921875","0.0107421875","0.00634765625","2600","0.00024040572339263492","0.00024040572339263492","0","0.00024040572339263492","0.00024040572339263492","112_111:0.0014227928156559655;112_113:0.002851019120283349","112_111:0.0032042712894601866;112_113:0.001226599079023477","112_111:68;112_113:68","true"
"113","288.4017458582686","354.20238427507724","0.004150390625","0.0078125","0.00048828125","2600","0.00015878578886169907","0.00015878578886169907","0","0.00015878578886169907","0.00015878578886169907","113_119:0.016684630831905967;113_112:0.002851019120283349;113_114:0.004202162594595604","113_119:0.005343046479386937;113_112:0.001226599079023477;113_114:0.007280805406247537","113_119:68;113_112:68;113_114:68","true"
"114","172.38258550581136","19.711607881659543","0.0048828125","0.009765625","0","2600","0.00020869241411454492","0.00020869241411454492","0","0.00020869241411454492","0.00020869241411454492","114_115:0.0028683008197799564;114_113:0.004202162594595604","114_115:0.007597091733294897;114_113:0.007280805406247537","114_115:68;114_113:68","true"
"115","169.489977546908","209.72892689007003","0.005615234375","0.00830078125","0.0029296875","2600","0.0005681440339022709","0.0005681440339022709","0","0.0005681440339022709","0.0005681440339022709","115_99:0.0015598802902705156;115_114:0.0028683008197799564","115_99:0.005469109645970943;115_114:0.007597091733294897","115_99:68;115_114:68","true"
"116","89.59023370692448","44.453486708130384","0.00634765625","0.009765625","0.0029296875","2600","0.00034541403638985776","0.00034541403638985776","0","0.00034541403638985776","0.00034541403638985776","116_101:0.002561056017955532;116_121:0.0014183746206574421","116_101:0.0030359633451117474;116_121:0.0025029030764721905","116_101:68;116_121:68","true"
"117","123.43528487751321","187.41056750744227","0.0068359375","0.013671875","0","2600","0.00014903014151567345","0.00014903014151567345","0","0.00014903014151567345","0.00014903014151567345","117_105:0.0025002382036361237;117_125:0.004755908099402101","117_105:0.004298056518626581;117_125:0.004861409188623045","117_105:68;117_125:68","true"
"118","293.9394900514388","149.02038781154064","0.01171875","0.01513671875","0.00830078125","2600","0.0002042658117030158","0.0002042658117030158","0","0.0002042658117030158","0.0002042658117030158","118_109:0.0016551834704156276;118_129:0.0014499684972023863","118_109:0.002786577666105433;118_129:0.0020454377290929637","118_109:68;118_129:68","true"
"119","203.1520599673719","48.13887356815577","0.01708984375","0.02880859375","0.00537109375","2600","0.0008023855729073201","0.0008023855729073201","0","0.0008023855729073201","0.0008023855729073201","119_113:0.016684630831905967;119_133:0.008125746202086725","119_113:0.005343046479386937;119_133:0.009651214835474403","119_113:68;119_133:68","true"
"120","289.89693604643656","126.20759156146072","0.019287109375","0.0283203125","0.01025390625","2600","0.0001678762419975052","0.0001678762419975052","0","0.0001678762419975052","0.0001678762419975052","120_121:0.0014535959011494348","120_121:0.00151639452365257","120_121:68","true"
"121","124.98684194892456","81.3393081746387","0.00732421875","0.01171875","0.0029296875","2600","0.00024774193544080446","0.00024774193544080446","0","0.00024774193544080446","0.00024774193544080446","121_120:0.0014535959011494348;121_122:0.002535986639435356;121_116:0.0014183746206574421","121_120:0.00151639452365257;121_122:0.0025403643627507078;121_116:0.0025029030764721905","121_120:68;121_122:68;121_116:68","true"
"122","192.78374400841247","241.7438032397489","0.3193359375","0.201171875","0.4375","2600","0.00022539655451817703","0.00022539655451817703","0","0.00022539655451817703","0.00022539655451817703","122_121:0.002535986639435356;122_123:0.016704820906282503","122_121:0.0025403643627507078;122_123:0.004914370050837696","122_121:68;122_123:68","true"
"123","222.02400750948405","97.36532138919004","0.010986328125","0.0107421875","0.01123046875","2600","0.0005445010252832191","0.0005445010252832191","0","0.0005445010252832191","0.0005445010252832191","123_136:0.0016942478202562894;123_124:0.0025243852020006285;123_122:0.016704820906282503","123_136:0.007325877514406942;123_124:0.003424720819706545;123_122:0.004914370050837696","123_136:68;123_124:68;123_122:68","true"
"124","300.3883321627067","195.66341411870565","0.092041015625","0.01025390625","0.173828125","2600","0.00040174687958478313","0.00040174687958478313","0","0.00040174687958478313","0.00040174687958478313","124_123:0.0025243852020006285;124_125:0.002371963227301266","124_123:0.003424720819706545;124_125:0.0032542613781756102","124_123:68;124_125:68","true"
"125","195.20138069987536","198.01952413710288","0.499755859375","0","0.99951171875","2600","1","1","0","1","1","125_117:0.004755908099402101;125_124:0.002371963227301266;125_126:1","125_117:0.004861409188623045;125_124:0.0032542613781756102;125_126:0.01860710238725516","125_117:68;125_124:68;125_126:68","true"
"126","264.8353066245943","299.82051919635757","0.48291015625","0","0.9658203125","2600","1","1","0","1","1","126_127:1;126_125:1","126_127:0.002770164995707647;126_125:0.01860710238725516","126_127:68;126_125:68","true"
"127","327.6143486381716","61.21263797667391","0.198486328125","0.39501953125","0.001953125","2600","0.0008543397996247733","0.0008543397996247733","0","0.0008543397996247733","0.0008543397996247733","127_126:1;127_128:1;127_137:0.13322236843321208","127_126:0.002770164995707647;127_128:0.009445200008414228;127_137:0.07039862652086867","127_126:68;127_128:68;127_137:128","true"
"128","239.0711137587783","416.2477301397491","0.062255859375","0.0478515625","0.07666015625","2600","0.000142736264828737","0.000142736264828737","0","0.000142736264828737","0.000142736264828737","128_127:1;128_129:0.0013486323749175855","128_127:0.009445200008414228;128_129:0.0018663020857130064","128_127:68;128_129:68","true"
"129","333.8659598492631","422.23970905410073","0.006591796875","0.00927734375","0.00390625","2600","0.0001954966256925422","0.0001954966256925422","0","0.0001954966256925422","0.0001954966256925422","129_130:0.0014105853874687435;129_128:0.0013486323749175855;129_118:0.0014499684972023863","129_130:0.0018009297690858572;129_128:0.0018663020857130064;129_118:0.0020454377290929637","129_130:68;129_128:68;129_118:68","true"
"130","90.06111520083849","125.22954985462559","0.1953125","0.32080078125","0.06982421875","2600","0.00016387797181642653","0.00016387797181642653","0","0.00016387797181642653","0.00016387797181642653","130_129:0.0014105853874687435;130_131:0.0011237670170878566","130_129:0.0018009297690858572;130_131:0.0015208236379700146","130_129:68;130_131:68","true"
"131","316.530542192478","357.2600445575124","0.0078125","0.01171875","0.00390625","2600","0.00040726448818248804","0.00040726448818248804","0","0.00040726448818248804","0.00040726448818248804","131_138:0.0017443643022966304;131_130:0.0011237670170878566;131_132:0.0012418968990880186","131_138:0.005479975831668815;131_130:0.0015208236379700146;131_132:0.0029830040663941515","131_138:68;131_130:68;131_132:68","true"
"132","187.2080782406254","140.98757694877628","0.082763671875","0.16552734375","0","2600","0.00015791554875417858","0.00015791554875417858","0","0.00015791554875417858","0.00015791554875417858","132_133:0.0014187546581776456;132_131:0.0012418968990880186","132_133:0.0016068666182854907;132_131:0.0029830040663941515","132_133:68;132_131:68","true"
"133","263.8777807049223","298.70059616606267","0.006591796875","0.0126953125","0.00048828125","2600","0.00015954547826087535","0.00015954547826087535","0","0.00015954547826087535","0.00015954547826087535","133_132:0.0014187546581776456;133_134:0.0026732562425745843;133_119:0.008125746202086725","133_132:0.0016068666182854907;133_134:0.002143001266278949;133_119:0.009651214835474403","133_132:68;133_134:68;133_119:68","true"
"134","296.10401990294525","59.45875016118543","0.015380859375","0.0185546875","0.01220703125","2600","0.00016139860066848562","0.00016139860066848562","0","0.00016139860066848562","0.00016139860066848562","134_133:0.0026732562425745843;134_135:1","134_133:0.002143001266278949;134_135:1","134_133:68;134_135:84","true"
"135","","","0.49609375","0.53662109375","0.45556640625","2600","1","1","0","1","1","135_134:1;135_139:1","135_134:1;135_139:1","135_134:84;135_139:84","true"
"136","184.96760963899715","213.61432455538028","0.0029296875","0.00537109375","0.00048828125","2600","0.00014690824700440826","0.00014690824700440826","0","0.00014690824700440826","0.00014690824700440826","136_123:0.0016942478202562894;136_143:0.0016343907706556637","136_123:0.007325877514406942;136_143:0.0024343170609088804","136_123:68;136_143:68","true"
"137","109.23373952839422","148.26121197074465","0.0205078125","0.0400390625","0.0009765625","2600","0.0001745496070481425","0.0001745496070481425","0","0.0001745496070481425","0.0001745496070481425","137_147:0.004511856648457047;137_127:0.13322236843321208","137_147:0.0024961243081807194;137_127:0.07039862652086867","137_147:68;137_127:128","true"
"138","104.93704365895498","24.245404764494214","0.005126953125","0.009765625","0.00048828125","2600","0.0003321177523183488","0.0003321177523183488","0","0.0003321177523183488","0.0003321177523183488","138_151:0.0023228959114307834;138_131:0.0017443643022966304","138_151:0.001960150934061766;138_131:0.005479975831668815","138_151:68;138_131:68","true"
"139","88.45309107897901","135.89736142154177","0.00537109375","0.0107421875","0","2600","0.0002147621260019156","0.0002147621260019156","0","0.0002147621260019156","0.0002147621260019156","139_155:0.0011823043551019707;139_135:1","139_155:0.004520320912213938;139_135:1","139_155:68;139_135:84","true"
"140","84.79900150416077","46.29199347012203","0.03076171875","0.0595703125","0.001953125","2600","0.0004222029912759632","0.0004222029912759632","0","0.0004222029912759632","0.0004222029912759632","140_141:0.00596865220955814","140_141:0.0044861660337502385","140_141:68","true"
"141","335.45087603293706","437.965446679408","0.01708984375","0.021484375","0.0126953125","2600","0.00022606048746392124","0.00022606048746392124","0","0.00022606048746392124","0.00022606048746392124","141_140:0.00596865220955814;141_142:0.0013813392625730558","141_140:0.0044861660337502385;141_142:0.0025756099164926938","141_140:68;141_142:68","true"
"142","179.2592785861902","225.56602114369034","0.022216796875","0.0166015625","0.02783203125","2600","0.0002337503104783744","0.0002337503104783744","0","0.0002337503104783744","0.0002337503104783744","142_143:0.0011004918116124807;142_141:0.0013813392625730558","142_143:0.0036189189382926368;142_141:0.0025756099164926938","142_143:68;142_141:68","true"
"143","428.69455206282123","80.54948884711357","0.01171875","0.01708984375","0.00634765625","2600","0.00014361641931446512","0.00014361641931446512","0","0.00014361641931446512","0.00014361641931446512","143_142:0.0011004918116124807;143_144:0.0013534582684682772;143_136:0.0016343907706556637","143_142:0.0036189189382926368;143_144:0.0015283613415026098;143_136:0.0024343170609088804","143_142:68;143_144:68;143_136:68","true"
"144","206.41833538196047","295.06720389182925","0.033935546875","0.06396484375","0.00390625","2600","0.0002925568014474873","0.0002925568014474873","0","0.0002925568014474873","0.0002925568014474873","144_145:0.010207012848827024;144_143:0.0013534582684682772","144_145:0.0027005438221405498;144_143:0.0015283613415026098","144_145:68;144_143:68","true"
"145","247.24238667385282","165.34706424028377","0.076171875","0.14990234375","0.00244140625","2600","0.0001814517367129554","0.0001814517367129554","0","0.0001814517367129554","0.0001814517367129554","145_144:0.010207012848827024;145_146:0.0037130559331588486","145_144:0.0027005438221405498;145_146:0.0028999309928138817","145_144:68;145_146:68","true"
"146","162.57129650207781","154.38937026844104","0.040771484375","0.07763671875","0.00390625","2600","0.000128002211036402","0.000128002211036402","0","0.000128002211036402","0.000128002211036402","146_145:0.0037130559331588486;146_147:0.14637358855691046","146_145:0.0028999309928138817;146_147:0.0034410687652715044","146_145:68;146_147:68","true"
"147","269.25235137261143","168.1366383004983","0.004638671875","0.0087890625","0.00048828125","2600","0.00015736975133491567","0.00015736975133491567","0","0.00015736975133491567","0.00015736975133491567","147_148:0.0020463470124787164;147_137:0.004511856648457047;147_146:0.14637358855691046","147_148:0.002262054020005344;147_137:0.0024961243081807194;147_146:0.0034410687652715044","147_148:68;147_137:68;147_146:68","true"
"148","146.0774000732458","180.568575936987","0.059326171875","0.041015625","0.07763671875","2600","0.00017184123120677505","0.00017184123120677505","0","0.00017184123120677505","0.00017184123120677505","148_147:0.0020463470124787164;148_149:0.0025424069351067946","148_147:0.002262054020005344;148_149:0.0012887435142823755","148_147:68;148_149:68","true"
"149","191.27338818934237","186.9601293681337","0.005859375","0.009765625","0.001953125","2600","0.0001431061602116255","0.0001431061602116255","0","0.0001431061602116255","0.0001431061602116255","149_150:0.003214736601493906;149_148:0.0025424069351067946","149_150:0.002622928133004021;149_148:0.0012887435142823755","149_150:68;149_148:68","true"
"150","239.94638357125854","255.12457187443655","0.029541015625","0.044921875","0.01416015625","2600","0.0004087824818026566","0.0004087824818026566","0","0.0004087824818026566","0.0004087824818026566","150_149:0.003214736601493906;150_151:0.0025628671793872793","150_149:0.002622928133004021;150_151:0.003309703459324187","150_149:68;150_151:68","true"
"151","198.15761508148083","262.06158341597177","0.004150390625","0.0078125","0.00048828125","2600","0.00013392461154949025","0.00013392461154949025","0","0.00013392461154949025","0.00013392461154949025","151_138:0.0023228959114307834;151_152:0.003578793609413794;151_150:0.0025628671793872793","151_138:0.001960150934061766;151_152:0.0027268158579354107;151_150:0.003309703459324187","151_138:68;151_152:68;151_150:68","true"
"152","282.25134822520687","74.32022784641462","0.01806640625","0.01953125","0.0166015625","2600","0.00015482720075596802","0.00015482720075596802","0","0.00015482720075596802","0.00015482720075596802","152_151:0.003578793609413794;152_153:0.0011734343419122772","152_151:0.0027268158579354107;152_153:0.0023353036010427264","152_151:68;152_153:68","true"
"153","254.32827957615146","221.57999215185723","0.005615234375","0.0107421875","0.00048828125","2600","0.0002221102174373146","0.0002221102174373146","0","0.0002221102174373146","0.0002221102174373146","153_152:0.0011734343419122772;153_154:0.0022656640075678636","153_152:0.0023353036010427264;153_154:0.002598227458942781","153_152:68;153_154:68","true"
"154","258.6855098678991","299.281692864214","0.00341796875","0.005859375","0.0009765625","2600","0.0001701348773475566","0.0001701348773475566","0","0.0001701348773475566","0.0001701348773475566","154_153:0.0022656640075678636;154_155:0.002190464963413713","154_153:0.002598227458942781;154_155:0.002891074147691214","154_153:68;154_155:68","true"
"155","265.1090917827022","338.07607192196565","0.08740234375","0.072265625","0.1025390625","2600","0.00021717482884982278","0.00021717482884982278","0","0.00021717482884982278","0.00021717482884982278","155_139:0.0011823043551019707;155_154:0.002190464963413713","155_139:0.004520320912213938;155_154:0.002891074147691214","155_139:68;155_154:68","true"